-- phpMyAdmin SQL Dump
-- version 3.5.1
-- http://www.phpmyadmin.net
--
-- –•–æ—Å—Ç: 127.0.0.1
-- –í—Ä–µ–º—è —Å–æ–∑–¥–∞–Ω–∏—è: –ù–æ—è 29 2016 –≥., 20:11
-- –í–µ—Ä—Å–∏—è —Å–µ—Ä–≤–µ—Ä–∞: 5.5.25
-- –í–µ—Ä—Å–∏—è PHP: 5.3.13

SET SQL_MODE="NO_AUTO_VALUE_ON_ZERO";
SET time_zone = "+00:00";


/*!40101 SET @OLD_CHARACTER_SET_CLIENT=@@CHARACTER_SET_CLIENT */;
/*!40101 SET @OLD_CHARACTER_SET_RESULTS=@@CHARACTER_SET_RESULTS */;
/*!40101 SET @OLD_COLLATION_CONNECTION=@@COLLATION_CONNECTION */;
/*!40101 SET NAMES utf8 */;

--
-- –ë–∞–∑–∞ –¥–∞–Ω–Ω—ã—Ö: `team`
--

-- --------------------------------------------------------

--
-- –°—Ç—Ä—É–∫—Ç—É—Ä–∞ —Ç–∞–±–ª–∏—Ü—ã `blocks`
--

CREATE TABLE IF NOT EXISTS `blocks` (
  `id` int(10) NOT NULL,
  `id_tracks` int(10) NOT NULL,
  `length` time NOT NULL
) ENGINE=InnoDB DEFAULT CHARSET=utf8;

--
-- –î–∞–º–ø –¥–∞–Ω–Ω—ã—Ö —Ç–∞–±–ª–∏—Ü—ã `blocks`
--

INSERT INTO `blocks` (`id`, `id_tracks`, `length`) VALUES
(1, 1, '00:06:33'),
(1, 3, '00:06:33'),
(1, 5, '00:06:33'),
(2, 1, '00:03:01'),
(2, 2, '00:03:01'),
(3, 5, '00:02:34');

-- --------------------------------------------------------

--
-- –°—Ç—Ä—É–∫—Ç—É—Ä–∞ —Ç–∞–±–ª–∏—Ü—ã `events`
--

CREATE TABLE IF NOT EXISTS `events` (
  `id` int(10) NOT NULL AUTO_INCREMENT,
  `event_type_id` int(2) NOT NULL,
  `dscr` varchar(100) NOT NULL,
  `user_id` int(100) DEFAULT NULL,
  `time` timestamp NOT NULL DEFAULT CURRENT_TIMESTAMP ON UPDATE CURRENT_TIMESTAMP,
  PRIMARY KEY (`id`),
  UNIQUE KEY `id` (`id`),
  KEY `id_2` (`id`),
  KEY `event_type_id` (`event_type_id`)
) ENGINE=InnoDB  DEFAULT CHARSET=utf8 AUTO_INCREMENT=7 ;

--
-- –î–∞–º–ø –¥–∞–Ω–Ω—ã—Ö —Ç–∞–±–ª–∏—Ü—ã `events`
--

INSERT INTO `events` (`id`, `event_type_id`, `dscr`, `user_id`, `time`) VALUES
(1, 1, '–°–æ–∑–¥–∞–Ω–∏–µ –ø–æ–ª—å–∑–æ–≤–∞—Ç–µ–ª—è —Å id:1. –ö–æ–º–∞–Ω–¥–∞ –≤—ã–ø–æ–ª–Ω–µ–Ω–∞ –∏–∑ –∫–æ–Ω—Å–æ–ª–∏.', 1, '0000-00-00 00:00:00'),
(2, 1, '–°–æ–∑–¥–∞–Ω–∏–µ –ø–æ–ª—å–∑–æ–≤–∞—Ç–µ–ª—è —Å id:2', 1, '0000-00-00 00:00:00'),
(3, 2, '–ò—Å–ø—Ä–∞–≤–∏–ª –æ—á–µ—Å–≤–æ. –ó–∞–ª–∏–ø–∞–µ—Ç –±—É–∫–≤–∞ . –ù–∞–¥–æ –ø–æ–∏—Å–∏—å –∫–ª–∞–≤–∏–∞—É—Ä—É.', 1, '0000-00-00 00:00:00'),
(4, 3, '–í—Ö–æ–¥ –≤—ã–ø–æ–ª–Ω–µ–Ω —Å IP:127.0.0.1', 1, '0000-00-00 00:00:00'),
(5, 4, '–ù–∏—á–µ —Ç–∞–∫ —Å—Ç–∞–Ω—Ü–∏—è. –†–ê–î–ò–û –®–ê–ù–°–û–ù –≤—ã –ª—É—á—à–∏–µ!!!', 1, '0000-00-00 00:00:00'),
(6, 5, '–û–π... –ü–æ—Å—Ç–∞–≤–∏–ª 5, –∞ —Ö–æ—Ç–µ–ª 7.', 1, '0000-00-00 00:00:00');

-- --------------------------------------------------------

--
-- –°—Ç—Ä—É–∫—Ç—É—Ä–∞ —Ç–∞–±–ª–∏—Ü—ã `events_type`
--

CREATE TABLE IF NOT EXISTS `events_type` (
  `id` int(2) NOT NULL AUTO_INCREMENT,
  `name` varchar(100) NOT NULL,
  PRIMARY KEY (`id`),
  KEY `id` (`id`)
) ENGINE=InnoDB  DEFAULT CHARSET=utf8 COMMENT='“ËÔ˚ ÒÓ·˚ÚËÈ' AUTO_INCREMENT=8 ;

--
-- –î–∞–º–ø –¥–∞–Ω–Ω—ã—Ö —Ç–∞–±–ª–∏—Ü—ã `events_type`
--

INSERT INTO `events_type` (`id`, `name`) VALUES
(1, '–°–æ–∑–¥–∞–Ω–∏–µ –ø–æ–ª—å–∑–æ–≤–∞—Ç–µ–ª—è'),
(2, '–ò–∑–º–µ–Ω–µ–Ω–∏–µ –¥–∞–Ω–Ω—ã—Ö –ø–æ–ª—å–∑–æ–≤–∞—Ç–µ–ª—è'),
(3, '–í—Ö–æ–¥ –≤ —Å–∏—Å—Ç–µ–º—É'),
(4, '–ü—Ä–æ—Å—Ç–∞–≤–ª–µ–Ω–∏–µ –æ—Ü–µ–Ω–∫–∏ —Ä–∞–¥–∏–æ—Å—Ç–∞–Ω—Ü–∏–∏'),
(5, '–ò–∑–º–µ–Ω–µ–Ω–∏–µ –æ—Ü–µ–Ω–∫–∏ —Ä–∞–¥–∏–æ—Å—Ç–∞–Ω—Ü–∏–∏'),
(6, '–°–æ–∑–¥–∞–Ω–∏–µ –¥–µ–Ω–µ–∂–Ω–æ–π –æ–ø–µ—Ä–∞—Ü–∏–∏'),
(7, '–ò–∑–º–µ–Ω–µ–Ω–∏–µ –¥–µ–Ω–µ–∂–Ω–æ–π –æ–ø–µ—Ä–∞—Ü–∏–∏');

-- --------------------------------------------------------

--
-- –°—Ç—Ä—É–∫—Ç—É—Ä–∞ —Ç–∞–±–ª–∏—Ü—ã `marks`
--

CREATE TABLE IF NOT EXISTS `marks` (
  `id` int(10) NOT NULL AUTO_INCREMENT,
  `date` timestamp NOT NULL DEFAULT CURRENT_TIMESTAMP ON UPDATE CURRENT_TIMESTAMP,
  `number` int(2) NOT NULL,
  `radiost_id` int(10) NOT NULL,
  `user_id` int(10) NOT NULL,
  PRIMARY KEY (`id`),
  UNIQUE KEY `id_2` (`id`),
  KEY `id` (`id`)
) ENGINE=InnoDB  DEFAULT CHARSET=utf8 AUTO_INCREMENT=11 ;

--
-- –î–∞–º–ø –¥–∞–Ω–Ω—ã—Ö —Ç–∞–±–ª–∏—Ü—ã `marks`
--

INSERT INTO `marks` (`id`, `date`, `number`, `radiost_id`, `user_id`) VALUES
(1, '2016-11-11 14:00:00', 4, 1, 1),
(2, '2016-11-12 14:00:00', 5, 2, 1),
(3, '2016-11-15 14:00:00', 9, 3, 1),
(4, '2016-11-16 14:00:00', 6, 1, 8),
(5, '2016-11-11 14:00:00', 5, 2, 6),
(6, '2016-11-14 14:00:00', 4, 3, 3),
(7, '2016-11-13 14:00:00', 8, 3, 6),
(8, '2016-11-14 14:00:00', 3, 1, 7),
(9, '2016-11-11 14:00:00', 4, 3, 9),
(10, '2016-11-14 14:00:00', 7, 2, 7);

-- --------------------------------------------------------

--
-- –°—Ç—Ä—É–∫—Ç—É—Ä–∞ —Ç–∞–±–ª–∏—Ü—ã `radiost`
--

CREATE TABLE IF NOT EXISTS `radiost` (
  `id` int(10) NOT NULL,
  `longname` varchar(100) NOT NULL,
  `radiost_type` int(2) NOT NULL,
  `available_song` int(10) NOT NULL,
  `available_months` int(10) NOT NULL,
  `fromdate` date DEFAULT NULL,
  `user_id` int(10) NOT NULL,
  PRIMARY KEY (`id`)
) ENGINE=InnoDB DEFAULT CHARSET=utf8;

--
-- –î–∞–º–ø –¥–∞–Ω–Ω—ã—Ö —Ç–∞–±–ª–∏—Ü—ã `radiost`
--

INSERT INTO `radiost` (`id`, `longname`, `radiost_type`, `available_song`, `available_months`, `fromdate`, `user_id`) VALUES
(1, '–†¬†–†¬∞–†“ë–†—ë–†—ï "–†–Å–†¬∞–†–Ö–°–É–†—ï–†–Ö"', 1, 0, 0, NULL, 1),
(2, '–†¬†–†¬∞–†“ë–†—ë–†—ï RECORD', 2, 120, 0, NULL, 7);

-- --------------------------------------------------------

--
-- –°—Ç—Ä—É–∫—Ç—É—Ä–∞ —Ç–∞–±–ª–∏—Ü—ã `radiost_type`
--

CREATE TABLE IF NOT EXISTS `radiost_type` (
  `id` int(10) NOT NULL,
  `longname` varchar(100) NOT NULL
) ENGINE=InnoDB DEFAULT CHARSET=utf8;

--
-- –î–∞–º–ø –¥–∞–Ω–Ω—ã—Ö —Ç–∞–±–ª–∏—Ü—ã `radiost_type`
--

INSERT INTO `radiost_type` (`id`, `longname`) VALUES
(1, '–ü–æ–ª–Ω—ã–π –¥–æ—Å—Ç—É–ø'),
(2, '–û–≥—Ä–∞–Ω–∏—á–µ–Ω–∏–µ –ø–æ –ø–µ—Å–Ω—è–º'),
(3, '–û–≥—Ä–∞–Ω–∏—á–µ–Ω–∏–µ –ø–æ –≤—Ä–µ–º–µ–Ω–∏');

-- --------------------------------------------------------

--
-- –°—Ç—Ä—É–∫—Ç—É—Ä–∞ —Ç–∞–±–ª–∏—Ü—ã `roles`
--

CREATE TABLE IF NOT EXISTS `roles` (
  `id` int(10) NOT NULL AUTO_INCREMENT,
  `longname` varchar(100) NOT NULL,
  `code` varchar(10) NOT NULL,
  `create_users` int(1) NOT NULL DEFAULT '0',
  `rewrite_users` int(1) NOT NULL DEFAULT '0',
  `del_users` int(1) NOT NULL DEFAULT '0',
  `create_schedule` int(1) NOT NULL DEFAULT '0',
  `rewrite_schedule` int(1) NOT NULL DEFAULT '0',
  `del_schedule` int(1) NOT NULL DEFAULT '0',
  PRIMARY KEY (`id`)
) ENGINE=InnoDB  DEFAULT CHARSET=utf8 AUTO_INCREMENT=3 ;

--
-- –î–∞–º–ø –¥–∞–Ω–Ω—ã—Ö —Ç–∞–±–ª–∏—Ü—ã `roles`
--

INSERT INTO `roles` (`id`, `longname`, `code`, `create_users`, `rewrite_users`, `del_users`, `create_schedule`, `rewrite_schedule`, `del_schedule`) VALUES
(1, '–ê–¥–º–∏–Ω–∏—Å—Ç—Ä–∞—Ç–æ—Ä', 'admin', 1, 1, 1, 1, 1, 1),
(2, '–ü–æ–∫—É–ø–∞—Ç–µ–ª—å', 'customer', 0, 0, 0, 1, 1, 1);

-- --------------------------------------------------------

--
-- –°—Ç—Ä—É–∫—Ç—É—Ä–∞ —Ç–∞–±–ª–∏—Ü—ã `sales`
--

CREATE TABLE IF NOT EXISTS `sales` (
  `id` int(2) NOT NULL AUTO_INCREMENT,
  `mark_avg` int(2) NOT NULL,
  `sale` int(2) NOT NULL,
  `dscr` varchar(100) NOT NULL,
  PRIMARY KEY (`id`),
  KEY `id` (`id`)
) ENGINE=InnoDB  DEFAULT CHARSET=utf8 AUTO_INCREMENT=5 ;

--
-- –î–∞–º–ø –¥–∞–Ω–Ω—ã—Ö —Ç–∞–±–ª–∏—Ü—ã `sales`
--

INSERT INTO `sales` (`id`, `mark_avg`, `sale`, `dscr`) VALUES
(1, 5, 3, '–ë–∞–∑–æ–≤–∞—è —Å–∫–∏–¥–∫–∞'),
(2, 6, 5, '–ü—Ä–æ–¥–≤–∏–Ω—É—Ç–∞—è —Å–∫–∏–¥–∫–∞'),
(3, 7, 10, '–†–∞—Å—à–∏—Ä–µ–Ω–Ω–∞—è —Å–∫–∏–¥–∫–∞'),
(4, 9, 20, '–û—Ç–ª–∏—á–Ω–∏–∫—É —Ä–∞–¥–∏–æ–≤—ã–ø—É—Å–∫–∞');

-- --------------------------------------------------------

--
-- –°—Ç—Ä—É–∫—Ç—É—Ä–∞ —Ç–∞–±–ª–∏—Ü—ã `schedule`
--

CREATE TABLE IF NOT EXISTS `schedule` (
  `id` int(10) NOT NULL AUTO_INCREMENT,
  `id_schedule_type` int(2) NOT NULL,
  `radiost_id` int(2) NOT NULL,
  `fromdate` datetime NOT NULL,
  `todate` datetime NOT NULL,
  `id_song` int(10) NOT NULL,
  PRIMARY KEY (`id`),
  KEY `id` (`id`)
) ENGINE=InnoDB  DEFAULT CHARSET=utf8 AUTO_INCREMENT=3 ;

--
-- –î–∞–º–ø –¥–∞–Ω–Ω—ã—Ö —Ç–∞–±–ª–∏—Ü—ã `schedule`
--

INSERT INTO `schedule` (`id`, `id_schedule_type`, `radiost_id`, `fromdate`, `todate`, `id_song`) VALUES
(1, 1, 1, '2016-11-19 14:43:11', '2016-11-19 14:49:44', 1),
(2, 2, 1, '2016-11-19 14:43:50', '2016-11-19 14:46:24', 3);

-- --------------------------------------------------------

--
-- –°—Ç—Ä—É–∫—Ç—É—Ä–∞ —Ç–∞–±–ª–∏—Ü—ã `schedule_type`
--

CREATE TABLE IF NOT EXISTS `schedule_type` (
  `id` int(2) NOT NULL AUTO_INCREMENT,
  `name` varchar(100) NOT NULL,
  PRIMARY KEY (`id`),
  KEY `id` (`id`)
) ENGINE=InnoDB  DEFAULT CHARSET=utf8 AUTO_INCREMENT=3 ;

--
-- –î–∞–º–ø –¥–∞–Ω–Ω—ã—Ö —Ç–∞–±–ª–∏—Ü—ã `schedule_type`
--

INSERT INTO `schedule_type` (`id`, `name`) VALUES
(1, '–ë–ª–æ–∫'),
(2, '–¢—Ä–µ–∫');

-- --------------------------------------------------------

--
-- –°—Ç—Ä—É–∫—Ç—É—Ä–∞ —Ç–∞–±–ª–∏—Ü—ã `tracks`
--

CREATE TABLE IF NOT EXISTS `tracks` (
  `id` int(10) NOT NULL AUTO_INCREMENT,
  `name` varchar(100) NOT NULL,
  `length` time NOT NULL,
  PRIMARY KEY (`id`),
  KEY `id` (`id`)
) ENGINE=InnoDB  DEFAULT CHARSET=utf8 AUTO_INCREMENT=6 ;

--
-- –î–∞–º–ø –¥–∞–Ω–Ω—ã—Ö —Ç–∞–±–ª–∏—Ü—ã `tracks`
--

INSERT INTO `tracks` (`id`, `name`, `length`) VALUES
(1, 'RnB-–ü—É—à–∫–∏–Ω', '00:01:42'),
(2, '–¢–∞—Ç—É-–Ø –∏—Å–∫–∞–ª–∞ —Ç–µ–±—è', '00:01:15'),
(3, '–ú–∞—à–∞-–ü–∞—Å—Ç—É—Ö', '00:03:03'),
(4, '–ö—Ä–∏—Å—Ç–∏–Ω–∞-–°–æ–ª–Ω—Ü–µ', '00:03:25'),
(5, 'Linkin Park-Numb', '00:02:34');

-- --------------------------------------------------------

--
-- –°—Ç—Ä—É–∫—Ç—É—Ä–∞ —Ç–∞–±–ª–∏—Ü—ã `trndtl`
--

CREATE TABLE IF NOT EXISTS `trndtl` (
  `id` int(10) NOT NULL AUTO_INCREMENT,
  `amount` int(10) NOT NULL,
  `user_id` int(10) NOT NULL,
  `time` timestamp NOT NULL DEFAULT CURRENT_TIMESTAMP ON UPDATE CURRENT_TIMESTAMP,
  `incomfl` int(1) NOT NULL,
  `dscr` varchar(200) CHARACTER SET utf8 COLLATE utf8_bin NOT NULL,
  PRIMARY KEY (`id`),
  UNIQUE KEY `id_2` (`id`),
  KEY `id` (`id`),
  KEY `users_id` (`user_id`,`time`,`incomfl`),
  KEY `id_3` (`id`)
) ENGINE=InnoDB  DEFAULT CHARSET=utf8 AUTO_INCREMENT=11 ;

--
-- –î–∞–º–ø –¥–∞–Ω–Ω—ã—Ö —Ç–∞–±–ª–∏—Ü—ã `trndtl`
--

INSERT INTO `trndtl` (`id`, `amount`, `user_id`, `time`, `incomfl`, `dscr`) VALUES
(1, 100, 1, '2016-11-11 16:09:22', 1, '–í–Ω–µ—Å–µ–Ω–∏–µ –Ω–∞–ª–∏—á–Ω—ã—Ö —á–µ—Ä–µ–∑ –±–∞–Ω–∫–æ–º–∞—Ç(BANKOMAT URFU –∞–≤—Ç–æ—Ä–∏–∑–æ–≤–∞–Ω–Ω–∞—è —Ç—Ä–∞–Ω–∑–∞–∫—Ü–∏—è)'),
(2, 50, 1, '2016-11-12 19:44:18', 0, '–û–ø–ª–∞—Ç–∞ —Ä–∞–¥–∏–æ'),
(3, 150, 3, '2016-11-14 18:30:23', 1, '–í–Ω–µ—Å–µ–Ω–∏–µ –Ω–∞–ª–∏—á–Ω—ã—Ö —Å –∫–∞—Ä—Ç—ã(Visa **** **** **** 7841)'),
(4, 250, 3, '2016-11-17 00:38:46', 1, '–í–Ω–µ—Å–µ–Ω–∏–µ –Ω–∞–ª–∏—á–Ω—ã—Ö —á–µ—Ä–µ–∑ –±–∞–Ω–∫–æ–º–∞—Ç(BANKOMAT SBERBANK –æ–ø–µ—Ä–∞—Ü–∏—è –∑–∞–≤–µ—Ä—à–∏–ª–∞—Å—å —É—Å–ø–µ—à–Ω–æ)'),
(5, 260, 6, '2016-11-23 02:42:49', 1, '–í–Ω–µ—Å–µ–Ω–∏–µ –Ω–∞–ª–∏—á–Ω—ã—Ö —Å –∫–∞—Ä—Ç—ã(MasterCard **** **** **** 4317)'),
(6, 100, 6, '2016-11-19 04:35:47', 0, '–û–ø–ª–∞—Ç–∞ —Ä–∞–¥–∏–æ'),
(7, 600, 8, '2016-11-15 03:13:50', 1, '–ü–æ–ø–æ–ª–Ω–µ–Ω–∏–µ –Ω–∞–ª–∏—á–Ω—ã—Ö —Å —Ç–µ—Ä–º–∏–Ω–∞–ª–∞(TERMINAL MAGNIT U DOMA)'),
(8, 300, 7, '2016-11-15 02:22:46', 1, '–í–Ω–µ—Å–µ–Ω–∏–µ –Ω–∞–ª–∏—á–Ω—ã—Ö —Å –∫–∞—Ä—Ç—ã(Visa **** **** **** 4731)'),
(9, 250, 9, '2016-11-16 03:18:44', 1, '–ü–æ–ø–æ–ª–Ω–µ–Ω–∏–µ –Ω–∞–ª–∏—á–Ω—ã—Ö —Å —Ç–µ—Ä–º–∏–Ω–∞–ª–∞(TERMINAL QIWI PAYS)'),
(10, 250, 8, '2016-11-19 09:53:43', 0, '–û–ø–ª–∞—Ç–∞ —Ä–∞–¥–∏–æ');

-- --------------------------------------------------------

--
-- –°—Ç—Ä—É–∫—Ç—É—Ä–∞ —Ç–∞–±–ª–∏—Ü—ã `trndtl_attr`
--

CREATE TABLE IF NOT EXISTS `trndtl_attr` (
  `id` int(10) NOT NULL,
  `code` varchar(10) NOT NULL,
  `value` varchar(100) NOT NULL
) ENGINE=InnoDB DEFAULT CHARSET=utf8;

--
-- –î–∞–º–ø –¥–∞–Ω–Ω—ã—Ö —Ç–∞–±–ª–∏—Ü—ã `trndtl_attr`
--

INSERT INTO `trndtl_attr` (`id`, `code`, `value`) VALUES
(2, 'reason', 'payment'),
(2, 'radio', '1'),
(6, 'reason', 'payment'),
(6, 'radio', '2'),
(10, 'reason', 'payment'),
(10, 'radio', '1');

-- --------------------------------------------------------

--
-- –°—Ç—Ä—É–∫—Ç—É—Ä–∞ —Ç–∞–±–ª–∏—Ü—ã `users`
--

CREATE TABLE IF NOT EXISTS `users` (
  `id` int(10) NOT NULL AUTO_INCREMENT,
  `login` varchar(20) NOT NULL,
  `password` varchar(20) NOT NULL,
  `longname` varchar(200) NOT NULL,
  `role_id` int(10) NOT NULL,
  PRIMARY KEY (`id`)
) ENGINE=InnoDB  DEFAULT CHARSET=utf8 AUTO_INCREMENT=11 ;

--
-- –î–∞–º–ø –¥–∞–Ω–Ω—ã—Ö —Ç–∞–±–ª–∏—Ü—ã `users`
--

INSERT INTO `users` (`id`, `login`, `password`, `longname`, `role_id`) VALUES
(1, 'KIRILL', '345rty', '–ö–æ–ª–µ—Å–Ω–∏–∫–æ–≤ –ö–∏—Ä–∏–ª–ª –ê–ª–µ–∫—Å–∞–Ω–¥—Ä–æ–≤–∏—á', 1),
(2, 'DIMON', 'd3gs4a', '–ï—Ä–º–æ—à–∏–Ω –î–º–∏—Ç—Ä–∏–π –ê–ª–µ–∫—Å–∞–Ω–¥—Ä–æ–≤–∏—á', 1),
(3, 'KONFETKA', 'i_am_best', '–ö–∞—Ç–∞–ª–µ–≤—Å–∫–∞—è –ö—Å–µ–Ω–∏—è –ü–µ—Ç—Ä–æ–≤–Ω–∞', 1),
(4, 'ALEX', '228228', '–ì—É—Ü–µ–≤ –ê–ª–µ–∫—Å–µ–π –ú–∞–∫—Å–∏–º–æ–≤–∏—á', 2),
(5, 'ARTEM', 'kurgan', '–ó–∏–Ω–æ–≤—å–µ–≤ –ê—Ä—Ç–µ–º –í–∞–ª–µ—Ä—å–µ–≤–∏—á', 3),
(6, 'PLYAZHNIK', 'girl_like_me', '–ú–∞–∫–∞—Ä–æ–≤ –ù–∏–∫–∏—Ç–∞ –í–∞—Å–∏–ª—å–µ–≤–∏—á', 1),
(7, 'USR666', 'prettygirl', '–ê–¥–æ–≤–∞ –ï–∫–∞—Ç–µ—Ä–∏–Ω–∞ –ú–∏—Ö–∞–π–ª–æ–≤–Ω–∞', 3),
(8, 'USR4259', 's3jf6shf3', '–ó–∞–±–µ–π–≤–æ—Ä–æ—Ç–∞ –ú–∏—Ö–∞–∏–ª –ü–µ—Ç—Ä–æ–≤–∏—á', 5),
(9, 'INVOKER', 'eeer', '–®–ø–∞—Ä–æ–≤ –ú–∏—Ö–∞–∏–ª –í–ª–∞–¥–∏–º–∏—Ä–æ–≤–∏—á', 4),
(10, 'BARZENKA', 'chtozh_ty_frayer', '–ú–∞—Ä—Ç–∏—Ä–æ—Å—è–Ω –ê—Ä—Å–µ–Ω –ò—Å–∞–∞–∫–æ–≤–∏—á', 1);

/*!40101 SET CHARACTER_SET_CLIENT=@OLD_CHARACTER_SET_CLIENT */;
/*!40101 SET CHARACTER_SET_RESULTS=@OLD_CHARACTER_SET_RESULTS */;
/*!40101 SET COLLATION_CONNECTION=@OLD_COLLATION_CONNECTION */;
