-- phpMyAdmin SQL Dump
-- version 3.5.1
-- http://www.phpmyadmin.net
--
-- Хост: 127.0.0.1
-- Время создания: Ноя 19 2016 г., 13:10
-- Версия сервера: 5.5.25
-- Версия PHP: 5.3.13

SET SQL_MODE="NO_AUTO_VALUE_ON_ZERO";
SET time_zone = "+00:00";


/*!40101 SET @OLD_CHARACTER_SET_CLIENT=@@CHARACTER_SET_CLIENT */;
/*!40101 SET @OLD_CHARACTER_SET_RESULTS=@@CHARACTER_SET_RESULTS */;
/*!40101 SET @OLD_COLLATION_CONNECTION=@@COLLATION_CONNECTION */;
/*!40101 SET NAMES utf8 */;

--
-- База данных: `team`
--

-- --------------------------------------------------------

--
-- Структура таблицы `blocks`
--

CREATE TABLE IF NOT EXISTS `blocks` (
  `id` int(10) NOT NULL,
  `id_tracks` int(10) NOT NULL,
  `length` time NOT NULL
) ENGINE=InnoDB DEFAULT CHARSET=utf8;

--
-- Дамп данных таблицы `blocks`
--

INSERT INTO `blocks` (`id`, `id_tracks`, `length`) VALUES
(1, 1, '00:06:33'),
(1, 3, '00:06:33'),
(1, 5, '00:06:33'),
(2, 1, '00:03:01'),
(2, 2, '00:03:01'),
(3, 5, '00:02:34');

-- --------------------------------------------------------

--
-- Структура таблицы `events`
--

CREATE TABLE IF NOT EXISTS `events` (
  `id` int(10) NOT NULL AUTO_INCREMENT,
  `event_type_id` int(2) NOT NULL,
  `dscr` varchar(100) NOT NULL,
  `user_id` int(100) DEFAULT NULL,
  `time` timestamp NOT NULL DEFAULT CURRENT_TIMESTAMP ON UPDATE CURRENT_TIMESTAMP,
  PRIMARY KEY (`id`),
  UNIQUE KEY `id` (`id`),
  KEY `id_2` (`id`),
  KEY `event_type_id` (`event_type_id`)
) ENGINE=InnoDB  DEFAULT CHARSET=utf8 ;

--
-- Дамп данных таблицы `events`
--

INSERT INTO `events` (`id`, `event_type_id`, `dscr`, `user_id`, `time`) VALUES
(1, 1, 'Создание пользователя с id:1. Команда выполнена из консоли.', 1, '0000-00-00 00:00:00'),
(2, 1, 'Создание пользователя с id:2', 1, '0000-00-00 00:00:00'),
(3, 2, 'Исправил очесво. Залипает буква . Надо поисиь клавиауру.', 1, '0000-00-00 00:00:00'),
(4, 3, 'Вход выполнен с IP:127.0.0.1', 1, '0000-00-00 00:00:00'),
(5, 4, 'Ниче так станция. РАДИО ШАНСОН вы лучшие!!!', 1, '0000-00-00 00:00:00'),
(6, 5, 'Ой... Поставил 5, а хотел 7.', 1, '0000-00-00 00:00:00');

-- --------------------------------------------------------

--
-- Структура таблицы `events_type`
--

CREATE TABLE IF NOT EXISTS `events_type` (
  `id` int(2) NOT NULL AUTO_INCREMENT,
  `name` varchar(100) NOT NULL,
  PRIMARY KEY (`id`),
  KEY `id` (`id`)
) ENGINE=InnoDB DEFAULT CHARSET=utf8 COMMENT='Типы событий';

--
-- Дамп данных таблицы `events_type`
--

INSERT INTO `events_type` (`id`, `name`) VALUES
(1, 'Создание пользователя'),
(2, 'Изменение данных пользователя'),
(3, 'Вход в систему'),
(4, 'Проставление оценки радиостанции'),
(5, 'Изменение оценки радиостанции'),
(6, 'Создание денежной операции'),
(7, 'Изменение денежной операции');

-- --------------------------------------------------------

--
-- Структура таблицы `marks`
--

CREATE TABLE IF NOT EXISTS `marks` (
  `id` int(10) NOT NULL AUTO_INCREMENT,
  `date` timestamp NOT NULL DEFAULT CURRENT_TIMESTAMP ON UPDATE CURRENT_TIMESTAMP,
  `number` int(2) NOT NULL,
  `radiost_id` int(10) NOT NULL,
  `user_id` int(10) NOT NULL,
  PRIMARY KEY (`id`),
  UNIQUE KEY `id_2` (`id`),
  KEY `id` (`id`)
) ENGINE=InnoDB  DEFAULT CHARSET=utf8 ;

--
-- Дамп данных таблицы `marks`
--

INSERT INTO `marks` (`id`, `date`, `number`, `radiost_id`, `user_id`) VALUES
(1, '2016-11-11 19:00:00', 4, 1, 1),
(2, '2016-11-12 19:00:00', 5, 2, 1),
(3, '2016-11-15 19:00:00', 9, 3, 1),
(4, '2016-11-16 19:00:00', 6, 1, 8),
(5, '2016-11-11 19:00:00', 5, 2, 6),
(6, '2016-11-14 19:00:00', 4, 3, 3),
(7, '2016-11-13 19:00:00', 8, 3, 6),
(8, '2016-11-14 19:00:00', 3, 1, 7),
(9, '2016-11-11 19:00:00', 4, 3, 9),
(10, '2016-11-14 19:00:00', 7, 2, 7);

-- --------------------------------------------------------

--
-- Структура таблицы `sales`
--

CREATE TABLE IF NOT EXISTS `sales` (
  `id` int(2) NOT NULL AUTO_INCREMENT,
  `mark_avg` int(2) NOT NULL,
  `sale` int(2) NOT NULL,
  `dscr` varchar(100) NOT NULL,
  PRIMARY KEY (`id`),
  KEY `id` (`id`)
) ENGINE=InnoDB DEFAULT CHARSET=utf8;

--
-- Дамп данных таблицы `sales`
--

INSERT INTO `sales` (`id`, `mark_avg`, `sale`, `dscr`) VALUES
(1, 5, 3, 'Базовая скидка'),
(2, 6, 5, 'Продвинутая скидка'),
(3, 7, 10, 'Расширенная скидка'),
(4, 9, 20, 'Отличнику радиовыпуска');

-- --------------------------------------------------------

--
-- Структура таблицы `schedule`
--

CREATE TABLE IF NOT EXISTS `schedule` (
  `id` int(10) NOT NULL AUTO_INCREMENT,
  `id_schedule_type` int(2) NOT NULL,
  `radiost_id` int(2) NOT NULL,
  `fromdate` datetime NOT NULL,
  `todate` datetime NOT NULL,
  `id_song` int(10) NOT NULL,
	PRIMARY KEY (`id`),
	KEY `id` (`id`)
) ENGINE=InnoDB DEFAULT CHARSET=utf8;

--
-- Дамп данных таблицы `schedule`
--

INSERT INTO `schedule` (`id`, `id_schedule_type`, `radiost_id`, `fromdate`, `todate`, `id_song`) VALUES
(1, 1, 1, '2016-11-19 14:43:11', '2016-11-19 14:49:44', 1),
(2, 2, 1, '2016-11-19 14:43:50', '2016-11-19 14:46:24', 3);

-- --------------------------------------------------------

--
-- Структура таблицы `schedule_type`
--

CREATE TABLE IF NOT EXISTS `schedule_type` (
  `id` int(2) NOT NULL AUTO_INCREMENT,
  `name` varchar(100) NOT NULL,
	PRIMARY KEY (`id`),
	KEY `id` (`id`)
) ENGINE=InnoDB DEFAULT CHARSET=utf8;

--
-- Дамп данных таблицы `schedule_type`
--

INSERT INTO `schedule_type` (`id`, `name`) VALUES
(1, 'Блок'),
(2, 'Трек');

-- --------------------------------------------------------

--
-- Структура таблицы `tracks`
--

CREATE TABLE IF NOT EXISTS `tracks` (
  `id` int(10) NOT NULL AUTO_INCREMENT,
  `name` varchar(100) NOT NULL,
  `length` time NOT NULL,
	PRIMARY KEY (`id`),
	KEY `id` (`id`)
) ENGINE=InnoDB DEFAULT CHARSET=utf8;

--
-- Дамп данных таблицы `tracks`
--

INSERT INTO `tracks` (`id`, `name`, `length`) VALUES
(1, 'RnB-Пушкин', '00:01:42'),
(2, 'Тату-Я искала тебя', '00:01:15'),
(3, 'Маша-Пастух', '00:03:03'),
(4, 'Кристина-Солнце', '00:03:25'),
(5, 'Linkin Park-Numb', '00:02:34');

-- --------------------------------------------------------

--
-- Структура таблицы `trndtl`
--

CREATE TABLE IF NOT EXISTS `trndtl` (
  `id` int(10) NOT NULL AUTO_INCREMENT,
  `amount` int(10) NOT NULL,
  `user_id` int(10) NOT NULL,
  `time` timestamp NOT NULL DEFAULT CURRENT_TIMESTAMP ON UPDATE CURRENT_TIMESTAMP,
  `incomfl` int(1) NOT NULL,
  `dscr` varchar(200) CHARACTER SET utf8 COLLATE utf8_bin NOT NULL,
  PRIMARY KEY (`id`),
  UNIQUE KEY `id_2` (`id`),
  KEY `id` (`id`),
  KEY `users_id` (`user_id`,`time`,`incomfl`),
  KEY `id_3` (`id`)
) ENGINE=InnoDB  DEFAULT CHARSET=utf8 ;

--
-- Дамп данных таблицы `trndtl`
--

INSERT INTO `trndtl` (`id`, `amount`, `user_id`, `time`, `incomfl`, `dscr`) VALUES
(1, 100, 1, '2016-11-11 21:09:22', 1, 'Внесение наличных через банкомат(BANKOMAT URFU авторизованная транзакция)'),
(2, 50, 1, '2016-11-13 00:44:18', 0, 'Оплата радио'),
(3, 150, 3, '2016-11-14 23:30:23', 1, 'Внесение наличных с карты(Visa **** **** **** 7841)'),
(4, 250, 3, '2016-11-17 05:38:46', 1, 'Внесение наличных через банкомат(BANKOMAT SBERBANK операция завершилась успешно)'),
(5, 260, 6, '2016-11-23 07:42:49', 1, 'Внесение наличных с карты(MasterCard **** **** **** 4317)'),
(6, 100, 6, '2016-11-19 09:35:47', 0, 'Оплата радио'),
(7, 600, 8, '2016-11-15 08:13:50', 1, 'Пополнение наличных с терминала(TERMINAL MAGNIT U DOMA)'),
(8, 300, 7, '2016-11-15 07:22:46', 1, 'Внесение наличных с карты(Visa **** **** **** 4731)'),
(9, 250, 9, '2016-11-16 08:18:44', 1, 'Пополнение наличных с терминала(TERMINAL QIWI PAYS)'),
(10, 250, 8, '2016-11-19 14:53:43', 0, 'Оплата радио');

-- --------------------------------------------------------

--
-- Структура таблицы `users`
--

CREATE TABLE IF NOT EXISTS `users` (
  `id` int(10) NOT NULL AUTO_INCREMENT,
  `login` varchar(20) NOT NULL,
  `password` varchar(20) NOT NULL,
  `longname` varchar(200) NOT NULL,
  `role_id` int(10) NOT NULL,
  PRIMARY KEY (`id`)
) ENGINE=InnoDB  DEFAULT CHARSET=utf8 ;

--
-- Дамп данных таблицы `users`
--

INSERT INTO `users` (`id`, `login`, `password`, `longname`, `role_id`) VALUES
(1, 'KIRILL', '345rty', 'Колесников Кирилл Александрович', 1),
(2, 'DIMON', 'd3gs4a', 'Ермошин Дмитрий Александрович', 1),
(3, 'KONFETKA', 'i_am_best', 'Каталевская Ксения Петровна', 1),
(4, 'ALEX', '228228', 'Гуцев Алексей Максимович', 2),
(5, 'ARTEM', 'kurgan', 'Зиновьев Артем Валерьевич', 3),
(6, 'PLYAZHNIK', 'girl_like_me', 'Макаров Никита Васильевич', 1),
(7, 'USR666', 'prettygirl', 'Адова Екатерина Михайловна', 3),
(8, 'USR4259', 's3jf6shf3', 'Забейворота Михаил Петрович', 5),
(9, 'INVOKER', 'eeer', 'Шпаров Михаил Владимирович', 4),
(10, 'BARZENKA', 'chtozh_ty_frayer', 'Мартиросян Арсен Исаакович', 1);

/*!40101 SET CHARACTER_SET_CLIENT=@OLD_CHARACTER_SET_CLIENT */;
/*!40101 SET CHARACTER_SET_RESULTS=@OLD_CHARACTER_SET_RESULTS */;
/*!40101 SET COLLATION_CONNECTION=@OLD_COLLATION_CONNECTION */;
